Ticker,Raw Beta,Blume Beta,Months Used
A,1.24,1.16,59
AAPL,1.097,1.065,59
ABBV,0.218,0.479,59
ABNB,1.28,1.187,59
ABT,0.557,0.705,59
ACGL,0.238,0.492,59
ACN,1.085,1.057,59
ADBE,1.397,1.265,59
ADI,1.261,1.174,59
ADM,0.626,0.751,59
ADP,0.803,0.868,59
ADSK,1.284,1.189,59
AEE,0.432,0.621,59
AEP,0.474,0.649,59
AES,0.941,0.961,59
AFL,0.571,0.714,59
AIG,0.481,0.654,59
AIZ,0.526,0.684,59
AJG,0.495,0.663,59
AKAM,0.645,0.763,59
ALB,1.337,1.225,59
ALGN,1.749,1.5,59
ALL,0.14,0.427,59
ALLE,0.852,0.902,59
AMAT,1.639,1.426,59
AMCR,0.576,0.718,59
AMD,2.514,2.009,59
AME,0.966,0.977,59
AMGN,0.439,0.626,59
AMP,1.124,1.083,59
AMT,0.868,0.912,59
AMZN,1.5,1.333,59
ANET,1.606,1.404,59
AON,0.643,0.762,59
AOS,1.069,1.046,59
APA,0.335,0.556,59
APD,0.693,0.795,59
APH,1.264,1.176,59
APO,1.501,1.334,59
APP,2.459,1.973,59
APTV,1.313,1.208,59
ARE,1.154,1.103,59
ARES,1.51,1.34,59
ATO,0.573,0.716,59
AVGO,1.484,1.322,59
AVY,0.782,0.855,59
AWK,0.576,0.717,59
AXON,1.468,1.312,59
AXP,1.085,1.056,59
AZO,0.391,0.594,59
BA,1.323,1.216,59
BAC,1.178,1.119,59
BALL,0.984,0.99,59
BAX,0.676,0.784,59
BBY,1.202,1.135,59
BDX,0.234,0.489,59
BE,3.568,2.712,59
BEN,1.577,1.385,59
BF-B,0.326,0.551,59
BG,0.674,0.783,59
BIIB,0.106,0.404,59
BKNG,1.135,1.09,59
BKR,1.067,1.045,59
BLK,1.388,1.259,59
BMY,0.187,0.458,59
BNY,1.014,1.009,59
BR,0.909,0.939,59
BRK-B,0.593,0.729,59
BRO,0.548,0.698,59
BSX,0.578,0.719,59
BX,1.548,1.365,59
BXP,1.033,1.022,59
C,1.168,1.112,59
CAH,0.535,0.69,59
CARR,1.334,1.223,59
CASY,0.607,0.738,59
CAT,1.61,1.407,59
CB,0.297,0.532,59
CBOE,0.399,0.599,59
CBRE,1.23,1.153,59
CCI,0.949,0.966,59
CCL,2.492,1.995,59
CDNS,1.105,1.07,59
CDW,0.968,0.979,59
CEG,1.118,1.078,56
CF,0.56,0.707,59
CFG,1.087,1.058,59
CHD,0.479,0.653,59
CHRW,0.919,0.946,59
CHTR,0.738,0.825,59
CI,0.253,0.502,59
CIEN,1.337,1.225,59
CINF,0.496,0.664,59
CL,0.333,0.555,59
CLX,0.61,0.74,59
CMCSA,0.738,0.825,59
CME,0.181,0.454,59
CMG,0.986,0.991,59
CMI,1.238,1.159,59
CMS,0.33,0.553,59
CNC,1.099,1.066,59
CNP,0.458,0.639,59
COF,1.106,1.071,59
COHR,2.197,1.798,59
COIN,3.321,2.547,59
COO,0.83,0.887,59
COP,0.191,0.461,59
COR,0.594,0.73,59
COST,0.881,0.921,59
CPAY,0.929,0.953,59
CPRT,1.022,1.015,59
CPT,0.764,0.843,59
CRH,1.36,1.24,59
CRL,1.38,1.253,59
CRM,1.238,1.159,59
CRWD,1.138,1.092,59
CSCO,1.01,1.007,59
CSGP,0.803,0.869,59
CSX,1.136,1.09,59
CTAS,0.88,0.92,59
CTSH,0.861,0.907,59
CTVA,0.548,0.699,59
CVNA,3.665,2.777,59
CVS,0.599,0.733,59
CVX,0.492,0.661,59
D,0.634,0.756,59
DAL,1.417,1.278,59
DASH,1.974,1.649,59
DD,1.075,1.05,59
DDOG,1.487,1.324,59
DE,0.891,0.928,59
DECK,1.117,1.078,59
DELL,1.408,1.272,59
DG,0.21,0.473,59
DGX,0.561,0.707,59
DHI,1.382,1.254,59
DHR,0.785,0.856,59
DIS,1.439,1.292,59
DLR,0.996,0.997,59
DLTR,0.715,0.81,59
DOC,0.999,0.999,59
DOV,1.121,1.08,59
DOW,0.455,0.637,59
DPZ,0.972,0.981,59
DRI,0.669,0.779,59
DTE,0.362,0.575,59
DUK,0.342,0.561,59
DVA,0.87,0.913,59
DVN,0.48,0.653,59
DXCM,1.44,1.293,59
EBAY,1.308,1.205,59
ECHO,1.107,1.071,59
ECL,0.87,0.914,59
ED,0.258,0.505,59
EFX,1.339,1.226,59
EG,0.246,0.498,59
EIX,0.582,0.721,59
EL,1.277,1.185,59
ELV,0.634,0.756,59
EME,1.139,1.093,59
EMR,1.229,1.153,59
EOG,0.298,0.532,59
EQIX,0.983,0.989,59
EQT,0.696,0.797,59
ERIE,0.257,0.505,59
ES,0.672,0.781,59
ESS,0.694,0.796,59
ETN,1.122,1.081,59
ETR,0.459,0.639,59
EVRG,0.506,0.671,59
EW,0.846,0.897,59
EXC,0.26,0.507,59
EXE,0.399,0.599,59
EXPD,1.091,1.061,59
EXPE,1.405,1.27,59
EXR,1.106,1.071,59
F,1.921,1.614,59
FANG,0.509,0.672,59
FAST,0.673,0.782,59
FCX,1.364,1.243,59
FDS,0.741,0.827,59
FDX,1.293,1.195,59
FDXF,3.963,2.975,4
FE,0.405,0.603,59
FERG,1.133,1.088,59
FFIV,1.049,1.033,59
FICO,1.379,1.253,59
FIS,0.876,0.917,59
FISV,0.869,0.913,59
FITB,0.985,0.99,59
FIX,1.597,1.398,59
FLEX,1.764,1.51,59
FOX,0.648,0.766,59
FOXA,0.616,0.744,59
FRT,0.96,0.973,59
FSLR,1.709,1.473,59
FTNT,1.001,1.001,59
FTV,1.062,1.041,59
GD,0.31,0.54,59
GDDY,0.982,0.988,59
GE,1.413,1.276,59
GEHC,0.724,0.816,45
GEN,1.299,1.2,59
GEV,1.143,1.096,30
GILD,0.376,0.584,59
GIS,0.01,0.34,59
GL,0.456,0.637,59
GLW,1.201,1.134,59
GM,1.445,1.297,59
GNRC,1.845,1.563,59
GOOG,1.179,1.12,59
GOOGL,1.195,1.13,59
GPC,0.646,0.764,59
GPN,0.847,0.898,59
GRMN,0.876,0.917,59
GS,1.279,1.186,59
GWW,0.973,0.982,59
HAL,0.766,0.844,59
HAS,0.429,0.619,59
HBAN,0.968,0.979,59
HCA,1.115,1.077,59
HD,0.978,0.985,59
HIG,0.477,0.651,59
HII,0.182,0.455,59
HLT,1.091,1.061,59
HON,0.827,0.885,59
HONA,-5.831,-3.554,3
HOOD,2.487,1.991,59
HPE,1.434,1.289,59
HPQ,1.184,1.123,59
HRL,0.287,0.524,59
HSIC,0.86,0.907,59
HST,1.104,1.069,59
HSY,0.089,0.393,59
HUBB,0.831,0.887,59
HUM,0.656,0.771,59
HWM,1.273,1.182,59
IBKR,1.365,1.244,59
IBM,0.804,0.87,59
ICE,0.857,0.905,59
IDXX,1.549,1.366,59
IEX,0.968,0.978,59
IFF,0.887,0.925,59
ILMN,1.442,1.295,59
INCY,0.779,0.853,59
INTC,2.35,1.9,59
INTU,0.97,0.98,59
INVH,0.81,0.874,59
IP,0.981,0.987,59
IQV,1.166,1.111,59
IR,1.176,1.117,59
IRM,1.193,1.128,59
ISRG,1.452,1.301,59
IT,0.954,0.969,59
ITW,0.948,0.965,59
IVZ,1.666,1.444,59
J,0.715,0.81,59
JBHT,1.265,1.177,59
JBL,1.332,1.221,59
JCI,1.283,1.189,59
JKHY,0.56,0.706,59
JNJ,0.214,0.476,59
JPM,1.032,1.021,59
KDP,0.378,0.585,59
KEY,1.082,1.055,59
KEYS,1.187,1.125,59
KHC,0.124,0.416,59
KIM,0.935,0.957,59
KKR,1.725,1.484,59
KLAC,1.469,1.313,59
KMB,0.275,0.517,59
KMI,0.592,0.728,59
KO,0.284,0.523,59
KR,0.387,0.591,59
KVUE,0.447,0.631,40
L,0.497,0.665,59
LDOS,0.566,0.711,59
LEN,1.402,1.268,59
LH,0.896,0.931,59
LHX,0.485,0.657,59
LII,1.195,1.13,59
LIN,0.688,0.792,59
LITE,1.623,1.415,59
LLY,0.421,0.614,59
LMT,0.114,0.41,59
LNT,0.53,0.686,59
LOW,0.842,0.895,59
LRCX,1.961,1.641,59
LULU,0.865,0.91,59
LUV,1.228,1.152,59
LVS,0.761,0.841,59
LYB,0.321,0.547,59
LYV,1.167,1.111,59
MA,0.799,0.866,59
MAA,0.721,0.814,59
MAR,1.162,1.108,59
MAS,1.253,1.169,59
MCD,0.446,0.631,59
MCHP,1.869,1.58,59
MCK,0.303,0.536,59
MCO,1.318,1.212,59
MDLZ,0.363,0.575,59
MDT,0.575,0.717,59
MET,0.797,0.865,59
META,1.255,1.17,59
MGM,1.321,1.214,59
MKC,0.68,0.787,59
MLM,1.051,1.034,59
MMM,1.011,1.008,59
MNST,0.534,0.689,59
MO,0.456,0.637,59
MOS,0.833,0.889,59
MPC,0.534,0.689,59
MPWR,1.709,1.473,59
MRK,0.106,0.404,59
MRNA,1.193,1.129,59
MRSH,0.556,0.704,59
MRVL,2.287,1.858,59
MS,1.225,1.15,59
MSCI,1.229,1.152,59
MSFT,1.053,1.035,59
MSI,0.881,0.921,59
MTB,0.645,0.763,59
MTD,1.193,1.129,59
MU,2.365,1.91,59
NCLH,2.001,1.667,59
NDAQ,0.978,0.985,59
NDSN,0.988,0.992,59
NEE,0.626,0.751,59
NEM,0.547,0.698,59
NFLX,1.589,1.393,59
NI,0.559,0.706,59
NKE,1.045,1.03,59
NOC,-0.115,0.256,59
NOW,0.952,0.968,59
NRG,1.21,1.14,59
NSC,1.21,1.14,59
NTAP,1.519,1.346,59
NTRS,1.206,1.138,59
NUE,1.841,1.561,59
NVDA,2.23,1.82,59
NVR,0.932,0.954,59
NWS,1.0,1.0,59
NWSA,1.007,1.005,59
NXPI,1.87,1.58,59
O,0.661,0.774,59
ODFL,1.153,1.102,59
OKE,0.786,0.858,59
OMC,0.739,0.826,59
ON,2.149,1.766,59
ORCL,1.78,1.52,59
ORLY,0.557,0.705,59
OTIS,0.908,0.938,59
OXY,0.169,0.446,59
P,1.448,1.299,59
PANW,0.954,0.97,59
PAYX,0.835,0.89,59
PCAR,0.94,0.96,59
PCG,0.187,0.458,59
PEG,0.496,0.664,59
PEP,0.329,0.552,59
PFE,0.356,0.57,59
PFG,0.875,0.916,59
PG,0.388,0.592,59
PGR,0.231,0.487,59
PH,1.14,1.093,59
PHM,1.184,1.122,59
PKG,0.777,0.851,59
PLD,1.283,1.189,59
PLTR,1.6,1.4,59
PM,0.344,0.563,59
PNC,0.922,0.948,59
PNR,1.059,1.04,59
PNW,0.508,0.672,59
PODD,1.081,1.054,59
PPG,1.025,1.017,59
PPL,0.564,0.709,59
PRU,0.852,0.901,59
PSA,0.916,0.944,59
PSKY,1.596,1.397,59
PSX,0.698,0.799,59
PTC,0.994,0.996,59
PWR,1.277,1.184,59
PYPL,1.337,1.224,59
Q,1.472,1.314,11
QCOM,1.749,1.499,59
RCL,1.885,1.59,59
RDDT,1.976,1.65,30
REG,0.808,0.872,59
REGN,0.129,0.42,59
RF,1.027,1.018,59
RJF,0.94,0.96,59
RL,1.308,1.205,59
RMD,0.776,0.851,59
ROK,1.528,1.352,59
ROL,0.752,0.834,59
ROP,0.725,0.817,59
ROST,0.836,0.891,59
RSG,0.346,0.564,59
RTX,0.3,0.533,59
RVTY,1.096,1.064,59
SBAC,1.008,1.005,59
SBUX,1.042,1.028,59
SCHW,0.745,0.83,59
SHW,1.062,1.041,59
SJM,0.282,0.521,59
SLB,0.805,0.87,59
SMCI,2.142,1.761,59
SNA,0.753,0.835,59
SNDK,5.64,4.094,19
SNPS,1.204,1.136,59
SO,0.32,0.547,59
SOLV,0.635,0.757,30
SPG,1.297,1.198,59
SPGI,1.064,1.042,59
SRE,0.563,0.709,59
STE,0.873,0.915,59
STLD,1.46,1.307,59
STT,1.367,1.245,59
STX,2.131,1.754,59
STZ,0.44,0.627,59
SW,0.905,0.937,59
SWK,1.195,1.13,59
SWKS,1.509,1.34,59
SYF,1.418,1.279,59
SYK,0.781,0.854,59
SYY,0.662,0.775,59
T,0.255,0.503,59
TDG,0.981,0.987,59
TDY,0.892,0.928,59
TECH,1.283,1.188,59
TEL,1.165,1.11,59
TER,1.703,1.468,59
TFC,0.908,0.939,59
TGT,0.949,0.966,59
TJX,0.601,0.734,59
TKO,0.625,0.75,59
TMO,0.852,0.901,59
TMUS,0.382,0.588,59
TPL,0.574,0.716,59
TPR,1.452,1.301,59
TRGP,0.774,0.849,59
TRMB,1.353,1.235,59
TROW,1.431,1.288,59
TRV,0.405,0.603,59
TSCO,0.509,0.672,59
TSLA,1.77,1.513,59
TSN,0.408,0.605,59
TT,1.18,1.12,59
TTWO,0.905,0.937,59
TXN,1.418,1.279,59
TXT,0.902,0.934,59
TYL,0.776,0.851,59
UAL,1.355,1.237,59
UBER,1.301,1.2,59
UDR,0.723,0.815,59
UHS,1.11,1.074,59
ULTA,0.866,0.911,59
UNH,0.533,0.689,59
UNP,0.864,0.909,59
UPS,1.004,1.003,59
URI,1.844,1.563,59
USB,1.015,1.01,59
V,0.815,0.876,59
VEEV,0.897,0.932,59
VICI,0.642,0.761,59
VLO,0.563,0.709,59
VLTO,0.498,0.665,35
VMC,1.023,1.015,59
VMRK,0.729,0.819,59
VRSK,0.694,0.796,59
VRSN,0.689,0.793,59
VRT,2.1,1.733,59
VRTX,0.286,0.524,59
VST,1.366,1.244,59
VTR,0.746,0.83,59
VTRS,0.897,0.931,59
VZ,0.27,0.513,59
WAB,0.926,0.951,59
WAT,1.158,1.105,59
WBD,1.631,1.421,59
WDAY,1.019,1.012,59
WDC,2.257,1.838,59
WEC,0.456,0.638,59
WELL,0.795,0.863,59
WFC,0.937,0.958,59
WM,0.405,0.603,59
WMB,0.63,0.753,59
WMT,0.556,0.704,59
WRB,0.231,0.488,59
WSM,1.518,1.345,59
WST,1.163,1.109,59
WTW,0.447,0.631,59
WY,0.947,0.964,59
WYNN,0.942,0.961,59
XEL,0.361,0.574,59
XOM,0.171,0.447,59
XYL,0.988,0.992,59
XYZ,2.575,2.05,59
YUM,0.554,0.703,59
ZBH,0.488,0.659,59
ZBRA,1.634,1.422,59
ZTS,0.712,0.808,59
